TotalCheckouts|Title|CallNumber|Author|OwningLibrary|Publisher|CopyrightDate|DateLastBorrowed|itype|ItemCode
3|Winning recipes.|641.5 WINNING|NULL|MON|NULL|2012|2020-02-02 15:11:59|NULL|NULL
2|Darkness under the sun a tale of suspense|eBOOK OVERDRI|Koontz, Dean R. (Dean Ray), 1945-|PUBLIC|NULL|2010|2020-02-08 05:35:35|Ebook|NULL
2|The coming storm : a thriller|FIC ALPERT|Alpert, Mark, 1961- author.|LYN|NULL|2019|2019-10-13 10:17:48|Fiction|NULL
6|Ordinary girls : a memoir|818.603 DIAZ|Díaz, Jaquira, author.|SNO|NULL|2019|2020-02-11 17:03:54|Nonfiction|NULL
1|Reach for the stars : and other advice for life's journey|E BLOCH|Bloch, Serge.|OAK|NULL|2010|2019-11-12 14:33:35|NULL|NULL
18|Roller girl|J JAMIESO|Jamieson, Victoria, author.|MCR|Dial Books for Young Readers, an imprint of Penguin Group (USA) LLC,|2015|2020-01-18 15:35:42|Juvenile Graphic Novel|NULL
5|The okay witch|J STEINKE|Steinkellner, Emma, author, artist.|LNG|Aladdin,|2019|2020-01-31 14:02:55|Juvenile Graphic Novel|Book
5|Nauti deceptions|eBOOK OVERDRI|Leigh, Lora.|PUBLIC|NULL|2010|2020-02-02 18:59:14|Ebook|Electronic Resource
4|I know everything|FIC FARRELL|Farrell, Matthew, author.|GRA|Thomas & Mercer,|2019|2020-01-27 07:35:04|NULL|NULL
5|Silent souls weeping : depression : sharing stories, finding hope|248.8625 JOHNSON|Johnson, Jane Clayson, author.|MCR|NULL|2018|2020-01-31 14:12:37|NULL|NULL
4|Allies of the night|eAUDIO OVERDRI|Shan, Darren.|PUBLIC|NULL|2004|2020-02-15 19:32:20|Ebook|Electronic Resource
8|Lego Ninjago : masters of Spinjitzu.|DVD LEGO NI|NULL|MCR|Distributed by Warner Home Video|2014|2020-02-09 10:37:04|DVD Television Series|NULL
1|Fantastic fidget spinners|J 793.4 STEAD|Stead, Emily, author.|LYN|Feiwel and Friends,|2017|2019-01-05 16:41:51|NULL|NULL
6|DuckTales. Destination adventure!.|DVD DUCKTAL|NULL|WHE|NULL|2018|2019-12-11 13:16:50|DVD Television Series|Adult DVD
13|Celebrating Peanuts : 65 years|741.5973 SCHULZ|Schulz, Charles M. (Charles Monroe), 1922-2000, author, illustrator.|EDM|Andrews McMeel Pub.,|2015|2020-02-12 11:59:36|Nonfiction|NULL
4|Mornings on Main|FIC THOMAS|Thomas, Jodi, author.|OAK|HQN,|2018|2020-02-10 09:42:53|Fiction|Book
2|Pet and horse photography for everybody : secrets from a pro|778.932 BEGLEY|Begley, Nicole, author.|MCR|NULL|2017|2020-02-08 09:30:28|NULL|NULL
2|Rock around the clock|CD M HAL1705|Haley, Bill, 1925-1981.|MAR|NULL|2004|2019-12-07 12:01:02|Compact Disc|NULL
6|Big game|DVD BIG GAM|NULL|LYN|Anchor Bay Entertainment|2015|2020-02-13 12:35:46|DVD Action|NULL
7|Fixing your feet : prevention and treatments for athletes|617.585 VONHOF|Vonhof, John.|FRE|NULL|2011|2020-01-30 07:32:19|Nonfiction|NULL
5|The Great Mortality|eAUDIO OVERDRI|Kelly, John|PUBLIC|NULL|2018|2020-02-13 18:22:11|Ebook|Electronic Resource
3|The 12 days of Thanksgiving|E LETTICE|Lettice, Jenna, author.|LYN|Random House,|2018|2019-12-07 12:42:40|Easy|Book
1|Meni͡|a zovut Sheĭlok : kaver-versii͡|a Venet͡|sianskogo kupt͡|sa Uilʹi͡|ama Shekspira|INTL-RUS FIC JACOBSO|Jacobson, Howard, author.|EDM|Izdatelʹstvo Ė,|2017|2020-01-03 11:21:07.667|International Russian|NULL
5|Start smart. Science I need to know : Ecosystems and biomes.|J DVD-ED 577 START S|NULL|MON|[Publisher not identified],|2015|2020-02-11 13:28:28|Juvenile DVD Educational|J DVD ED
3|Captive hearts of Oz. 4|TEEN MARUYA|Maruya, Ryo, author.|MCR|NULL|2018|2020-01-04 12:40:51|NULL|NULL
4|Candy color paradox. 3|FIC NATSUME|Natsume, Isaku, author.|MNR|SuBLime,|2019|2019-11-27 14:53:12|NULL|NULL
1|Letters to love|FIC LANE|Lane, Soraya, author.|SNO|Montlake Romance,|2015|2019-12-21 15:53:28|Fiction|Book
6|Bangkok : a Lonely Planet city guide.|915.9304 BANGKOK|NULL|SNO|NULL|1995|2020-02-13 13:19:04|Nonfiction|Book
2|El bosque de los troles|INTL-SPA J HOLMVAL|Holmvall, John, 1975- author, illustrator.|MAR|NULL|2017|2019-09-26 11:40:34|International Spanish|Book
1|The art prophets : the artists, dealers, and tastemakers who shook the art world|709.22 POLSKY|Polsky, Richard.|MCR|NULL|2011|2019-11-30 15:42:45|Nonfiction|Book
3|Please send help...|TEEN DUNN|Dunn, Gaby, author.|LYN|Wednesday Books,|2019|2020-02-07 16:54:09|Teen Fiction|Book
4|Undercover ostrich|E KULKA|Kulka, Joe, author, illustrator.|MON|Carolrhoda Books,|2019|2020-02-08 12:30:44|NULL|NULL
2|Mr. Chickee's funny money|J CURTIS|Curtis, Christopher Paul.|SNO|NULL|2005|2020-02-12 13:39:12|Juvenile Fiction|NULL
5|Down and dirty|FIC DOWN AN|NULL|SUL|Tor,|2015|2020-02-13 13:50:04|NULL|NULL
27|The fisher king|DVD FISHER|NULL|LYN|NULL|2015|2020-02-14 15:48:25|DVD Drama|Adult DVD
1|Vanished! : America's most mysterious kidnappings, castaways, and the forever lost|920.009 PRUITT|Pruitt, Sarah, author.|WHE|LP,|2018|2019-11-29 13:24:27|Nonfiction|NULL
2|Zen beyond mindfulness : using Buddhist and modern psychology for transformational practice|294.344 HARRIS|Harris, Jules (Jules Shuzen), author.|CAM|Shambhala,|2019|2019-10-17 13:15:59|Nonfiction|NULL
1|Linesman|eBOOK OVERDRI|Dunstall, S. K., author.|PUBLIC|Penguin Publishing Group,|2015|2020-02-15 00:18:24|NULL|NULL
5|The everyday supermodel : my beauty, fashion, and wellness secrets made simple|646.72 SIMS|Sims, Molly, 1973- author.|MAR|Dey St., an imprint of William Morrow Publishers,|2015|2020-02-11 15:55:22|NULL|NULL
1|Modern manhood : conversations about the complicated world of being a good man today|305.31 STILLER|Stiller, Cleo, author.|LYN|Tiller Press,|2019|2020-02-12 08:32:37|Nonfiction|Book
20|Invisible hands|DVD-ED 331.31 INVISIB|NULL|LSP|First Run Features,|2018|2020-02-05 12:05:12|DVD Educational|NULL
3|Debbie Macomber's table : sharing the joy of cooking with family and friends.|641.5 MACOMBE|Macomber, Debbie, author.|CLI|NULL|2018|2020-02-04 10:15:03|NULL|NULL
1|The big, big wall|E HOWARD|Howard, Reginald.|MCR|NULL|2001|2020-02-13 07:34:49|NULL|NULL
3|Discover Mercury|J 523.41 BETH|Beth, Georgia, author.|STA|Lerner Publications,|2019|2019-09-20 10:17:09|Juvenile Nonfiction|NULL
13|Dragons. Race to the edge. Season four|DVD DRAGONS|NULL|MCR|Universal Pictures Home Entertainment,|2019|2020-02-09 17:17:40|NULL|NULL
4|Miracles in Maggody|eBOOK OVERDRI|Hess, Joan.|PUBLIC|NULL|2016|2020-02-02 21:34:53|Ebook|Electronic Resource
3|Fantasy in death|FIC ROBB|Robb, J. D., 1950-|EDM|NULL|2010|2019-12-19 12:25:23|NULL|NULL
3|Loving Cara|eAUDIO OVERDRI|Proby, Kristen, author.|PUBLIC|Pocket Books,|2014|2020-02-08 14:58:47|Ebook|Electronic Resource
3|Murder in Calico Gold : a Cedar Bay cozy mystery|FIC HARMAN|Harman, Dianne, 1953- author.|ARL|Dianne Harman,|2015|2020-01-30 10:36:19|NULL|NULL
4|Refining Felicity|eBOOK OVERDRI|Beaton, M. C.|PUBLIC|NULL|2011|2020-02-11 09:53:26|Ebook|Electronic Resource
6|Queen for a day|J DOUGHER|Dougherty, Brandi, author.|MCR|Random House,|2017|2019-12-23 17:30:28|Juvenile Fiction|Book
2|Danger Is Everywhere: A Handbook for Avoiding Danger|eAUDIO OVERDRI|O'Doherty, David|PUBLIC|NULL|2014|2019-10-11 04:16:32|Ebook|NULL
2|This Book Will Not Be on the Test|eBOOK OVERDRI|Rivas, Paul Smith|PUBLIC|NULL|2019|2020-02-10 02:42:16|Ebook|NULL
8|The gilded wolves|TEEN CHOKSHI|Chokshi, Roshani, author.|MNR|Wednesday Books,|2019|2020-02-09 14:43:20|Teen Fiction|Book
6|The apartment : a novel|FIC STEEL|Steel, Danielle, author.|SNO|NULL|2016|2020-02-06 15:21:13|Fiction|NULL
15|The girl who drank the moon|J BARNHIL|Barnhill, Kelly Regan, author.|FRE|Algonquin Young Readers,|2016|2020-02-11 11:56:20|NULL|NULL
1|Raven's Feast|eAUDIO OVERDRI|Schumacher, Eric|PUBLIC|NULL|2018|2019-09-01 04:58:59|Ebook|Electronic Resource
4|Theo Chocolate : recipes & sweet secrets from Seattle's favorite chocolate maker : featuring 75 recipes both sweet & savory|641.6374 MUSIC|Music, Debra.|EDM|Sasquatch Books,|2015|2019-11-30 09:41:20|NULL|NULL
9|True love|FIC DEVERAU|Deveraux, Jude.|MCR|Ballantine Books,|2013|2020-01-22 11:52:00|Fiction|NULL
4|Planet Earth|DVD PLANET|NULL|LSP|NULL|2009|2019-12-27 17:38:58|NULL|NULL
4|The tale of Despereaux : being the story of a mouse, a princess, some soup, and a spool of thread|J DICAMIL|DiCamillo, Kate.|SNO|NULL|2003|2019-12-04 08:10:57|NULL|NULL
5|Amber Fang. 3, Revenge|TEEN SLADE|Slade, Arthur, 1967- author.|MAR|Orca Book Publishers,|2019|2020-01-30 13:09:49|NULL|NULL
1|Christmas is here!|E SCHULZ|Schulz, Charles M. (Charles Monroe), 1922-2000, creator.|DAR|Simon Spotlight, an imprint of Simon & Schuster Children's Publishing Division,|2019|2019-12-07 17:25:18|Readers|Book
4|The enormous crocodile|E DAHL|Dahl, Roald, author.|MUK|Puffin Books,|2018|2019-11-27 08:11:22|Easy|Book
2|Suddenly mine|FIC CHASE|Chase, Samantha, author.|GRA|NULL|2019|2020-01-18 15:11:57|NULL|NULL
6|Free-motion quilting 101 : techniques & patterns for beginners|746.4604 NICKELS|Nickels, Ashley, author.|OAK|The Taunton Press, Inc.,|2019|2020-02-15 10:42:26|NULL|NULL
5|The Fallen City|eAUDIO OVERDRI|Tanner, Jakob|PUBLIC|NULL|2019|2020-02-03 08:14:37|Ebook|Electronic Resource
1|Zloĭ rok Mariny ?T|Svetaevoĭ : Zhiva?i|a dusha v mertvoĭ petle|INTL-RUS BIO TSVETAE POLIKOV|Polikovskai︠a︡, L. V. (Li︠u︡dmila Vladimirovna), author.|LYN|ĖKSMO,|2013|2019-09-26 16:18:23.823|International Russian|NULL
7|Great gardens of England gardeners views|DVD-ED 712.0941 GRE828|NULL|GRA|NULL|2007|2020-02-03 11:34:40|NULL|NULL
5|Did I ever tell you how lucky you are?|E SEUSS|Seuss, Dr.|SNO|NULL|1973|2020-02-11 09:47:05|Easy|NULL
2|Home by nightfall|FIC FINCH|Finch, Charles (Charles B.), author.|COU|Minotaur Books,|2015|2019-11-04 15:51:45|Fiction Mystery|Book
1|Monster school|J 811.6 COOMBS|Coombs, Kate, author.|ARL|Chronicle Books,|2018|2019-12-13 15:20:32|Juvenile Nonfiction|NULL
1|Carrera's Bride|eBOOK OVERDRI|Palmer, Diana.|PUBLIC|NULL|2008|2020-02-11 22:20:26|Ebook|NULL
5|The Dark Lake|eAUDIO OVERDRI|Bailey, Sarah.|PUBLIC|NULL|2017|2020-02-12 01:49:28|Ebook|Electronic Resource
1|Ryan respects|E KROLL|Kroll, Virginia L.|MTL|NULL|2006|2019-08-21 09:11:05|Easy|NULL
4|Days and nights|DVD DAYS AN|NULL|SUL|IFC Films|2015|2019-12-16 11:15:06|NULL|NULL
7|Eternals|FIC GAIMAN|Gaiman, Neil, author.|MUK|Marvel Worldwide, Inc.,|2018|2020-01-21 17:09:14|NULL|NULL
1|The long drop : a novel|FIC MINA|Mina, Denise, author.|MON|Little, Brown and Company,|2017|2019-12-04 10:01:00|NULL|NULL
3|Girls in pants : the third summer of the Sisterhood|TEEN BRASHAR|Brashares, Ann.|MCR|NULL|2011|2019-09-23 11:45:31|Teen Fiction|NULL
12|The proximity principle : the proven strategy that will lead to the career you love|650.1 COLEMAN|Coleman, Ken (Radio talk show host), author.|MUK|NULL|2019|2020-02-15 10:43:20|Nonfiction|Book
7|Little superman|J CD OM ROS192|Roslonek, Steve.|MCR|NULL|2003|2019-11-07 13:06:22|Juvenile Compact Disc|NULL
5|McQueen|DVD-ED 746.9209 MCQUEEN|NULL|MAR|Vertical Entertainment,|2018|2020-02-06 18:20:03|NULL|NULL
1|Boys Over Flowers, Volume 18|eBOOK OVERDRI|Kamio, Yoko|PUBLIC|NULL|2006|2019-08-17 04:13:58|Ebook|NULL
8|One fish, two fish, red fish, blue fish|eBOOK OVERDRI|Seuss, Dr., author.|PUBLIC|NULL|1960|2020-01-28 08:07:22|Ebook|Electronic Resource
3|Sophie's squash|E MILLER|Miller, Pat Zietlow.|WHE|NULL|2013|2019-12-12 13:24:20|NULL|NULL
1|J. Neil Schulman's Alongside night|FIC SCHULMA|Schulman, J. Neil (Joseph Neil), 1953-|LSP|NULL|2009|2019-12-04 14:43:09|NULL|NULL
1|I believe in you|J CD OM PARTON|Parton, Dolly, composer, performer.|MON|NULL|2017|2019-11-05 10:59:43|NULL|NULL
6|Your first day of circus school|E LAZAR|Lazar, Tara, author.|MUK|NULL|2019|2020-02-12 14:52:07|Easy|Book
1|The red-haired woman|CD FIC PAMUK|Pamuk, Orhan, 1952- author.|MAR|NULL|2017|2019-09-15 15:52:24|Audiobook|NULL
1|The dinosaur expert|E MCNAMAR|McNamara, Margaret, author.|LSP|Schwartz & Wade Books,|2018|2019-09-26 08:11:59|Easy|Book
4|The Prehistoric Planet|eBOOK OVERDRI|O'Ryan, Ray|PUBLIC|NULL|2013|2020-02-06 11:17:48|Ebook|NULL
3|Big Bob, Little Bob|E HOWE|Howe, James, 1946- author.|LYN|Candlewick Press,|2016|2020-02-06 07:34:01|NULL|NULL
3|I'm not a supermouse!|eBOOK OVERDRI|Stilton, Geronimo, author.|PUBLIC|NULL|2010|2019-12-09 15:28:12|Ebook|NULL
6|The ruler of thumb|J DVD RULER O|NULL|LSP|NULL|2010|2020-02-07 13:06:19|Juvenile DVD|NULL
10|Wide-awake bear|E MILLER|Miller, Pat Zietlow, author.|SNO|NULL|2018|2020-02-02 12:13:17|NULL|NULL
7|Badlands|DVD BAD2245|NULL|LYN|NULL|2013|2020-01-31 12:16:53|DVD Drama|NULL
4|The knight at dawn|J OSBORNE|Osborne, Mary Pope.|MAR|NULL|1993|2019-11-25 08:13:19|Juvenile Fiction|Book
2|Olivia and the pet project|E FORTE|Forte, Lauren, author.|SNO|Simon Spotlight,|2015|2020-02-14 11:01:50|NULL|NULL
7|Cass Timberlane|DVD CASS TI|NULL|GRA|NULL|2010|2020-02-12 07:33:50|DVD Drama|NULL
1|The Way of the Gun|eAUDIO OVERDRI|Overton, Iain|PUBLIC|NULL|2020|2020-02-11 21:17:34|NULL|NULL
